x,x,x,x,x,s_ip:15
,,,,,34.243.160.129
,,,,,91.189.88.152
,,,,,91.189.88.142
,,,,,34.243.160.129
,,,,,54.171.230.55
,,,,,54.171.230.55
,,,,,91.189.88.142
,,,,,91.189.88.152
,,,,,91.189.88.152
,,,,,91.189.91.38
,,,,,34.243.160.129
,,,,,34.243.160.129
,,,,,54.171.230.55
,,,,,34.243.160.129
,,,,,91.189.88.142
,,,,,91.189.88.142
,,,,,34.243.160.129
,,,,,192.168.224.4
,,,,,192.168.224.185
,,,,,192.168.224.185
,,,,,192.168.224.185
,,,,,192.168.224.185
,,,,,192.168.224.4
,,,,,192.168.224.4
,,,,,192.168.224.4
,,,,,192.168.224.185
,,,,,192.168.224.185
,,,,,192.168.239.254
,,,,,192.168.224.4
,,,,,192.168.224.4
,,,,,192.168.224.185
,,,,,192.168.224.4
,,,,,192.168.224.185
,,,,,192.168.224.4
,,,,,192.168.224.185
,,,,,192.168.239.254
,,,,,192.168.224.185
,,,,,192.168.224.185
,,,,,192.168.224.185
,,,,,192.168.224.4
,,,,,192.168.224.4
,,,,,192.168.224.185
,,,,,192.168.239.254
,,,,,192.168.224.4
,,,,,192.168.239.254
,,,,,192.168.224.185
,,,,,192.168.224.185
,,,,,192.168.224.185
,,,,,192.168.224.4
,,,,,192.168.224.185
,,,,,192.168.224.4
,,,,,192.168.224.4
,,,,,192.168.224.185
,,,,,192.168.224.4
,,,,,192.168.224.185
,,,,,192.168.224.185
,,,,,192.168.224.185
,,,,,192.168.224.4
,,,,,192.168.224.185
,,,,,192.168.224.4
,,,,,192.168.224.4
,,,,,192.168.224.185
,,,,,192.168.224.4
,,,,,192.168.224.185
,,,,,192.168.224.185
,,,,,192.168.224.4
,,,,,192.168.224.185
,,,,,192.168.224.4
,,,,,192.168.224.185
,,,,,192.168.224.4
,,,,,192.168.224.185
,,,,,192.168.224.4
,,,,,192.168.224.185
,,,,,192.168.224.4
,,,,,192.168.224.185
,,,,,192.168.224.4
,,,,,192.168.224.185
,,,,,192.168.224.185
,,,,,192.168.224.185
,,,,,192.168.224.4
,,,,,192.168.224.185
,,,,,192.168.224.185
,,,,,192.168.224.185
,,,,,192.168.224.4
,,,,,192.168.224.4
,,,,,192.168.224.4
,,,,,192.168.224.4
,,,,,192.168.224.185
,,,,,192.168.224.185
,,,,,192.168.224.185
,,,,,192.168.224.4
,,,,,192.168.224.4
,,,,,192.168.224.4
,,,,,192.168.224.4
,,,,,192.168.226.71
,,,,,172.26.240.200
,,,,,172.26.240.200
,,,,,172.26.240.200
,,,,,172.26.240.200
,,,,,10.182.194.196
,,,,,10.182.194.196
,,,,,10.182.194.196
,,,,,10.182.194.196
,,,,,10.182.194.196
,,,,,10.182.194.196
,,,,,10.182.194.196
,,,,,10.182.194.196
,,,,,10.182.194.196
,,,,,10.182.194.196
